{
  "Pin": 364.7208112567791,
  "Pout": 305.16147941940903,
  "Efficiency(%)": 83.66988392240722,
  "I_supply_avg": 5.03063187940385,
  "I_load_pk": 16.2807834131975,
  "Vout_rms": 27.895551124139725,
  "ZVS_Q1_ok": 0,
  "ZVS_Q1_fail": 9,
  "ZVS_Q2_ok": 0,
  "ZVS_Q2_fail": 9
}